<?xml version="1.0" encoding="UTF-8" standalone="yes"?>
<addon id="repository.j63repor" name="[COLOR ff008080]j63d Repo[/COLOR] Repo" version="1.0.1" provider-name="j63">
    <extension point="xbmc.addon.repository" name="j63d repo">
        <info>https://raw.githubusercontent.com/j63d/j63d/master/addons.xml</info>
        <checksum>https://raw.githubusercontent.com/j63d/j63d/master/addons.xml.md5</checksum>
        <datadir zip="true">https://raw.githubusercontent.com/j63d/master/Repositorio/</datadir>
    </extension>
    <extension point="xbmc.addon.metadata">
        <summary>Repositorio para Mi</summary>
        <description></description>
        <disclaimer></disclaimer>
        <platform>all</platform>
    </extension>
</addon>
